level,id,heading,parent_id
2,section-01,"エロ通話アプリおすすめ33選",
3,section-01-01,"おすすめ1位はVI-VO",section-01
3,section-01-02,"おすすめ2位はジュエルライブ",section-01
3,section-01-03,"おすすめ3位はエンジェルライブ",section-01
3,section-01-04,"おすすめ4位はマダムライブ",section-01
3,section-01-05,"おすすめ5位はMocom",section-01
3,section-01-06,"おすすめ6位はガールズチャット",section-01
3,section-01-07,"おすすめ7位はCHATPIA",section-01
3,section-01-08,"おすすめ8位はDXLIVE",section-01
3,section-01-09,"おすすめ9位はFANZAライブチャット",section-01
3,section-01-10,"おすすめ10位はFAMU",section-01
3,section-01-11,"おすすめ11位はTSUBAKI",section-01
3,section-01-12,"おすすめ12位はCREA",section-01
3,section-01-13,"おすすめ13位はMIYABI",section-01
3,section-01-14,"おすすめ14位はSHION",section-01
3,section-01-15,"おすすめ15位はkyuun",section-01
3,section-01-16,"おすすめ16位はマダムとおしゃべり館",section-01
3,section-01-17,"おすすめ17位はHIYORI",section-01
3,section-01-18,"おすすめ18位はConnect",section-01
3,section-01-19,"おすすめ19位はBAMEL",section-01
3,section-01-20,"おすすめ20位はKANADE",section-01
3,section-01-21,"おすすめ21位はstripchat",section-01
3,section-01-22,"おすすめ22位はHIBIKI",section-01
3,section-01-23,"おすすめ23位はUtage",section-01
3,section-01-24,"おすすめ24位はマロン",section-01
3,section-01-25,"おすすめ25位はイエロートーク",section-01
3,section-01-26,"おすすめ26位はKYUNCALL",section-01
3,section-01-27,"おすすめ27位はFrogLive",section-01
3,section-01-28,"おすすめ28位はエレファントライブ",section-01
3,section-01-29,"おすすめ29位はEazy",section-01
3,section-01-30,"おすすめ30位はAgain",section-01
3,section-01-31,"おすすめ31位はライブでゴーゴー",section-01
3,section-01-32,"おすすめ32位はいちゃトーク",section-01
3,section-01-33,"おすすめ33位はSecret",section-01
2,section-02,"エロ通話アプリの選び方",
3,section-02-01,"本人確認と運営会社の信頼性で選ぶ",section-02
3,section-02-02,"通話料金とポイント換算率で選ぶ",section-02
3,section-02-03,"初回無料ポイントの多さで選ぶ",section-02
3,section-02-04,"登録している女性の人数で選ぶ",section-02
3,section-02-05,"好みの女性ジャンルで選ぶ",section-02
3,section-02-06,"割引キャンペーンの充実度で選ぶ",section-02
2,section-03,"エロ通話アプリとはどのようなサービスなのか",
3,section-03-01,"女性とリアルタイムで通話できる仕組み",section-03
3,section-03-02,"一般的なライブチャットとの違い",section-03
3,section-03-03,"出会い系アプリとの違い",section-03
3,section-03-04,"ポイント制を中心とした料金システム",section-03
2,section-04,"エロ通話アプリで楽しめること",
3,section-04-01,"二人きりのビデオ通話を楽しめる",section-04
3,section-04-02,"のぞきチャットで相手の映像を視聴できる",section-04
3,section-04-03,"遠隔操作に対応したおもちゃで遊べる",section-04
3,section-04-04,"映像を使わず音声通話を楽しめる",section-04
3,section-04-05,"テキストチャットで会話できる",section-04
3,section-04-06,"好みの女性を選んで通話できる",section-04
3,section-04-07,"お気に入り登録した女性と継続的に交流できる",section-04
2,section-05,"エロ通話アプリを無料ポイントで楽しむ方法",
3,section-05-01,"複数のエロ通話アプリで初回無料ポイントを試す",section-05
3,section-05-02,"のぞき機能で相手の雰囲気を確認する",section-05
2,section-06,"エロ通話アプリに関するよくある質問",
3,section-06-01,"エロ通話アプリは完全無料で利用できますか",section-06
3,section-06-02,"女性はどこまでリクエストに対応してくれますか",section-06
3,section-06-03,"特殊なプレイをお願いすることはできますか",section-06
3,section-06-04,"男性は顔出しをせずに利用できますか",section-06
3,section-06-05,"利用中に身元が知られる危険はありますか",section-06
3,section-06-06,"エロ通話アプリにサクラや業者はいますか",section-06
3,section-06-07,"通話画面の録画やスクリーンショットは可能ですか",section-06
3,section-06-08,"通話した女性と実際に会うことはできますか",section-06
3,section-06-09,"エロ通話アプリは簡単に退会できますか",section-06
2,section-07,"エロ通話アプリのおすすめまとめ",
