level,heading,intent,source
2,エロ通話アプリを選ぶ前に知っておきたいこと,比較・安全確認,公式・公的情報
2,6サービスの比較結果,比較・安全確認,公式・公的情報
2,TSUBAKIの特徴と確認ポイント,比較・安全確認,公式・公的情報
2,Mocomの特徴と確認ポイント,比較・安全確認,公式・公的情報
2,FAMUの特徴と確認ポイント,比較・安全確認,公式・公的情報
2,クレアの特徴と確認ポイント,比較・安全確認,公式・公的情報
2,おチャベリの特徴と確認ポイント,比較・安全確認,公式・公的情報
2,ライブでゴーゴーの特徴と確認ポイント,比較・安全確認,公式・公的情報
2,料金を同じ条件で比較する方法,比較・安全確認,公式・公的情報
2,無料ポイントを確認する5つの項目,比較・安全確認,公式・公的情報
2,安全なサービスを見分けるチェックリスト,比較・安全確認,公式・公的情報
2,通話中に個人情報を守る方法,比較・安全確認,公式・公的情報
2,同意と年齢確認で守るべき線引き,比較・安全確認,公式・公的情報
2,詐欺・高額課金・脅迫を避ける,比較・安全確認,公式・公的情報
2,自分に合うサービスの選び方,比較・安全確認,公式・公的情報
2,よくある質問,比較・安全確認,公式・公的情報
2,まとめ,比較・安全確認,公式・公的情報
